{
    "Life_Career_SecondIncome": {
        "prioritise": {
            "Life_Career_Education": 0.17864020101677036,
            "Life_Career_GoingFreelance": 0.7769713722739997,
            "Life_Career_BusinessAfloat": 0.5171990690983728,
            "Life_Home_BuyingAHome": 0.2588771827798612,
            "Life_Home_FinishedMortgage": 0.10437553433542911,
            "Life_MyFamily_StartingFamily": 0.4908749915484497,
            "Life_MyFamily_ProvidingChildren": 0.3893645921620755,
            "Life_MyFamily_OlderChildren": 0.3650375011166978,
            "Life_LaterLife_LivingWell": 0.5754633217845815,
            "Life_LaterLife_BecomingGrandparent": 0.037773408822206214,
            "Life_LaterLife_HealthPlanning": 0.5643054116610275
        },
        "deprioritise": {
            "Life_MyRelationships_GettingMarried": -0.003715449557205176,
            "Life_Home_InvestingInProperty": -0.42960283953858414,
            "Life_LaterLife_ReceivedInheritance": -0.2796784352355155,
            "Life_Luxuries_MajorPurchase": -0.021442114262764274,
            "Life_Luxuries_Travel": -0.06417380993211998
        }
    },
    "Life_Career_Education": {
        "prioritise": {
            "Life_Career_SecondIncome": 0.19418919250165884,
            "Life_Career_GoingFreelance": 0.4432769643730056,
            "Life_MyRelationships_GettingMarried": 0.22443471704475632,
            "Life_Home_BuyingAHome": 0.26212182655858945,
            "Life_MyFamily_ProvidingChildren": 0.22401548321403375,
            "Life_MyFamily_OlderChildren": 0.42091502556479493,
            "Life_LaterLife_LivingWell": 0.07443153255527003,
            "Life_LaterLife_BecomingGrandparent": 0.3605577066477529,
            "Life_LaterLife_ReceivedInheritance": 0.2289443584400152,
            "Life_Luxuries_MajorPurchase": 0.2065566914190737,
            "Life_Luxuries_Travel": 0.36717831218711133
        },
        "deprioritise": {
            "Life_Career_BusinessAfloat": -0.0744739711551556,
            "Life_Home_InvestingInProperty": -0.04407278558496264,
            "Life_Home_FinishedMortgage": -0.24658143504277855,
            "Life_MyFamily_StartingFamily": -0.056880555724431646,
            "Life_LaterLife_HealthPlanning": -0.07220202036743384
        }
    },
    "Life_Career_GoingFreelance": {
        "prioritise": {
            "Life_Career_SecondIncome": 0.7714786685937183,
            "Life_Career_Education": 0.4349179437411851,
            "Life_Career_BusinessAfloat": 0.4784289193496848,
            "Life_MyRelationships_GettingMarried": 0.7416746100199635,
            "Life_Home_BuyingAHome": 0.46419923439349614,
            "Life_Home_InvestingInProperty": 0.20642905986080187,
            "Life_MyFamily_StartingFamily": 0.7080337576287244,
            "Life_MyFamily_ProvidingChildren": 0.8921995424374347,
            "Life_MyFamily_OlderChildren": 0.2231896056854959,
            "Life_LaterLife_LivingWell": 0.1849900214012914,
            "Life_LaterLife_HealthPlanning": 0.0448102613714991
        },
        "deprioritise": {
            "Life_Home_FinishedMortgage": -0.11407250058773494,
            "Life_LaterLife_BecomingGrandparent": -0.024654607698551968,
            "Life_LaterLife_ReceivedInheritance": -0.0031650889052191695,
            "Life_Luxuries_MajorPurchase": -0.12460797414673297,
            "Life_Luxuries_Travel": -0.20689758130878302
        }
    },
    "Life_Career_BusinessAfloat": {
        "prioritise": {
            "Life_Career_SecondIncome": 0.5151175867099518,
            "Life_Career_GoingFreelance": 0.5006493693694916,
            "Life_MyRelationships_GettingMarried": 0.14541761621863028,
            "Life_Home_BuyingAHome": 0.49456657812389476,
            "Life_Home_InvestingInProperty": 0.5477603658095455,
            "Life_MyFamily_OlderChildren": 0.3544891075146888,
            "Life_LaterLife_LivingWell": 0.3865651454836683,
            "Life_LaterLife_ReceivedInheritance": 0.19616015887698598,
            "Life_Luxuries_MajorPurchase": 0.1929436578887444,
            "Life_Luxuries_Travel": 0.39286628396517703
        },
        "deprioritise": {
            "Life_Career_Education": -0.06849641813485434,
            "Life_Home_FinishedMortgage": -0.12277733345389963,
            "Life_MyFamily_StartingFamily": -0.5252259194517471,
            "Life_MyFamily_ProvidingChildren": -0.30266250092623326,
            "Life_LaterLife_BecomingGrandparent": -0.0922833231371888,
            "Life_LaterLife_HealthPlanning": -0.027785301538293228
        }
    },
    "Life_MyRelationships_GettingMarried": {
        "prioritise": {
            "Life_Career_Education": 0.20223194171873163,
            "Life_Career_GoingFreelance": 0.7579225986584561,
            "Life_Career_BusinessAfloat": 0.11871361865082812,
            "Life_Home_BuyingAHome": 0.20743299470560148,
            "Life_Home_InvestingInProperty": 0.09203818384780535,
            "Life_Home_FinishedMortgage": 0.1596335564705714,
            "Life_MyFamily_StartingFamily": 0.7603339702858207,
            "Life_MyFamily_ProvidingChildren": 0.34726160795242844,
            "Life_LaterLife_HealthPlanning": 0.2093531435417011,
            "Life_Luxuries_MajorPurchase": 0.17680664152328232
        },
        "deprioritise": {
            "Life_Career_SecondIncome": -0.02258418053246768,
            "Life_MyFamily_OlderChildren": -0.30853577229057755,
            "Life_LaterLife_LivingWell": -0.07028023925783294,
            "Life_LaterLife_BecomingGrandparent": -0.5118984548370863,
            "Life_LaterLife_ReceivedInheritance": -0.13441376523777548,
            "Life_Luxuries_Travel": -0.021893380757493523
        }
    },
    "Life_Home_BuyingAHome": {
        "prioritise": {
            "Life_Career_SecondIncome": 0.26811207704269735,
            "Life_Career_Education": 0.262040946048931,
            "Life_Career_GoingFreelance": 0.4824921426020045,
            "Life_Career_BusinessAfloat": 0.5090519160899257,
            "Life_MyRelationships_GettingMarried": 0.2515920442433961,
            "Life_MyFamily_ProvidingChildren": 0.4247997292161127,
            "Life_MyFamily_OlderChildren": 0.004378169276863453,
            "Life_LaterLife_LivingWell": 0.3485658880356639,
            "Life_LaterLife_HealthPlanning": 0.2844365845389896,
            "Life_LaterLife_ReceivedInheritance": 0.0885269798258419,
            "Life_Luxuries_MajorPurchase": 0.05496286305492941,
            "Life_Luxuries_Travel": 0.037064912394048334
        },
        "deprioritise": {
            "Life_Home_InvestingInProperty": -0.11380678752136916,
            "Life_Home_FinishedMortgage": -0.2543319552472157,
            "Life_MyFamily_StartingFamily": -0.2022571385769368,
            "Life_LaterLife_BecomingGrandparent": -0.24932371015279253
        }
    },
    "Life_Home_InvestingInProperty": {
        "prioritise": {
            "Life_Career_GoingFreelance": 0.17577369829544046,
            "Life_Career_BusinessAfloat": 0.5073411098039559,
            "Life_MyRelationships_GettingMarried": 0.06786150638260581,
            "Life_Home_FinishedMortgage": 0.6825407576963808,
            "Life_MyFamily_ProvidingChildren": 0.15018547160868304,
            "Life_LaterLife_LivingWell": 0.10002279635205352,
            "Life_LaterLife_BecomingGrandparent": 0.3110019555036663,
            "Life_LaterLife_HealthPlanning": 0.07008961579070477,
            "Life_LaterLife_ReceivedInheritance": 0.2959780611810958,
            "Life_Luxuries_MajorPurchase": 0.3945695933413718,
            "Life_Luxuries_Travel": 0.4708949753199342
        },
        "deprioritise": {
            "Life_Career_SecondIncome": -0.4120671885542292,
            "Life_Career_Education": -0.05679085379345993,
            "Life_Home_BuyingAHome": -0.19876526159763455,